name,lat,lon
Emir Pizza Kebap,45.061332,7.645430999999999
Kebab Pizza Il Castello,45.0711931,7.6820736
El Shesh Kebab,45.0526372,7.6789292
Lahori Karahi Ristorante,45.0614396,7.679656499999999
Pizzeria Sapore Mediterraneo Kebab & Hamburger,45.0538627,7.6761534
Il Turco pizzeria kebab grill,45.0929148,7.7012767
ISTANBUL PIZZA & KEBAP corso dante Kebabbaro di Moncalieri,45.0138332,7.658788999999999
Ramsis pizza kebab,45.0804141,7.648905099999999
Pizza Kebab El Masri,45.0317036,7.6557163
Horas Kebab,45.0584485,7.6828078
Pizza&Kebab Carrera,45.0798162,7.6367251
Pizza Grill Kebab Mister Coppino,45.101607,7.672328299999998
Number One Pizza Hamburger Kebab,45.138545,7.773178100000001
Ayasofya Turkish Kebap piazza augusto rostagni 3/f,45.0903014,7.703444999999999
Pizza Kebab Respighi,45.09354279999999,7.703952399999999
Marim Pizzeria Kebab,45.1288345,7.638176199999999
Casa Del Kebab,45.06447,7.6454556
Horas Kebab / egyptian food,45.061074,7.682886999999999
Kamber pizzeria kebab lingotto,45.0342589,7.6681783
PIZZA KEBAB CAMPANELLA 2,45.0804244,7.6234326
Pizzeria Grill Kebab di Mido,45.1195236,7.6493297
El Omari Pizza Kebab,45.0483665,7.6764634
Belle Epoque Pizzeria Kebab,45.0615138,7.6890752
Kebab Mimmo,45.065017,7.654746
La Chiave di Iside Pizzeria Kebab Venaria,45.1339676,7.6286355
Pizzeria Kebab Da Safaa Moncalieri,45.0148319,7.663344599999999
FUOCO pizza Kebab Hamburger,44.9993367,7.643615199999999
Pizzeria Kebab Da Mimmo,45.06324,7.573195
Istanbul Pizza star Kebab,45.0364429,7.6691641
Istanbul star corso giulio cesare,45.0911441,7.693706400000001
Bella istanbul pizza kebab,45.0966184,7.692147299999999
Pizzeria Kebab Ayat,45.0221581,7.640353599999999
Mega Istanbul Pizza e Kebab,45.1064766,7.662362399999999
Istanbul &Oscar Pizza & Kebab,45.0805897,7.6637732
Pizza kebab Marrakech,45.0510116,7.6529146
Ali Ba'Ba' Pizza Kebab Burger di adel,45.01868940000001,7.659677199999999
Istanbul - Pizzeria forno a legna,45.0478669,7.6383761
La Montagna di Sara,45.0772347,7.629733
Pizza Kebab,45.04587979999999,7.661507499999999
Pizza kebab Campanella,45.0828754,7.632330100000001
Horus Kebab,45.1337735,7.576426300000001
Pizza Kebab Helal,45.03004749999999,7.6687398
Casablanca Kebab,45.0722192,7.709639899999999
Pizza Kebab SHARM,45.019802,7.662575299999999
Deniz Kebab,45.0652049,7.6528037
Bhaddar kebab and take away,45.0707473,7.7027091
İstanbul Star Pizza Kebap,45.0994703,7.6760211
Turkish Istanbul Pizza Kebab Monte Grappa,45.0820847,7.638362300000001
Pizza & Kebab di Amedeo & Yasmin,45.114761,7.7072891
Romo Pizza Kebab,45.0396747,7.6399588
da Mido | San Salvario,45.058508,7.6777913
Ali Istanbul Pizza Kebab,45.0642822,7.6502783
Aladin Pizza e Kebab,45.0186921,7.631279300000001
Pizzeria 3 fratelli kebab gril bar da babo1 Torino,45.0337674,7.6550184
Il Zic Zac Pizzeria Kebab,45.1009482,7.724767600000001
Pizza Kebab Birreria Miss2,45.0739356,7.5964836
Da Leo Kebap,45.0794601,7.642120299999998
PassionePizzaKebap,45.0730093,7.6111416
Il Mago pizza kebab,45.0680783,7.7017316
Pizza Kebab,45.0646205,7.6398119
