user_id,email,lat,lon,elapsed_from_start_ms,elapsed_from_last_ms
23,alessia.fontana@example.com,45.071787432413295,7.7059611841776,30012,30012
9,andrea.colombo@example.com,45.134839785392835,7.57807580694261,30676,30676
8,chiara.romano@example.com,45.03512891551063,7.6683360472630655,31402,31402
13,davide.bruno@example.com,45.07152154266135,7.699320472086166,32083,32083
14,elisa.gallo@example.com,45.113886791356805,7.70608793570892,32825,32825
18,federico.mancini@example.com,45.051691601278534,7.650028272134884,33531,33531
10,francesca.ricci@example.com,45.0986612987608,7.672025335888444,34194,34194
22,gabriele.barbieri@example.com,45.098554581739975,7.721859732877533,35034,35034
6,giulia.bianchi@example.com,45.05480629117761,7.68085983550237,35943,35943
19,ilaria.rizzo@example.com,45.052225559900776,7.676396217739192,37355,37355
23,alessia.fontana@example.com,45.070868420156884,7.701475711854398,60019,30007
9,andrea.colombo@example.com,45.1343762084529,7.580435371982236,60682,30005
8,chiara.romano@example.com,45.033383331275076,7.667670289439534,61419,30017
13,davide.bruno@example.com,45.07281540152712,7.69542506313592,62100,30017
14,elisa.gallo@example.com,45.111686603238,7.706316270155496,62833,30008
18,federico.mancini@example.com,45.05382506329566,7.649871161198496,63550,30018
10,francesca.ricci@example.com,45.09576028766484,7.671575503803855,64211,30017
22,gabriele.barbieri@example.com,45.09560904339124,7.717794750949703,65038,30003
6,giulia.bianchi@example.com,45.0574728989089,7.682740178079014,65951,30008
19,ilaria.rizzo@example.com,45.053916109644774,7.675591575069993,67362,30007
6,giulia.bianchi@example.com,45.059284066935874,7.680569808121551,30000,30000
13,davide.bruno@example.com,45.04760899048128,7.660573235017681,30000,30000
18,federico.mancini@example.com,45.070399941995504,7.679413752515327,30000,30000
6,giulia.bianchi@example.com,45.05980511551992,7.6783183538954605,60000,30000
22,gabriele.barbieri@example.com,45.07262869727066,7.613009855587497,30000,30000
18,federico.mancini@example.com,45.06971296903335,7.677257666770345,60000,30000
13,davide.bruno@example.com,45.048891098118354,7.656886872070363,60000,30000
10,francesca.ricci@example.com,45.00069200531539,7.642535832474054,30000,30000
8,chiara.romano@example.com,45.09958444712245,7.672487473881634,30000,30000
19,ilaria.rizzo@example.com,45.01809444195859,7.663829998789116,30000,30000
6,giulia.bianchi@example.com,45.05703424811263,7.676827880447866,90000,30000
9,andrea.colombo@example.com,45.09092908014607,7.7051710612350375,30000,30000
22,gabriele.barbieri@example.com,45.073702555012,7.614676639726443,60000,30000
10,francesca.ricci@example.com,45.001127909848314,7.644343080537099,60000,30000
18,federico.mancini@example.com,45.068075021823184,7.676257685418479,90000,30000
14,elisa.gallo@example.com,45.03980657892389,7.642851976677736,30000,30000
13,davide.bruno@example.com,45.05057266636223,7.654586431951032,90000,30000
8,chiara.romano@example.com,45.102429061780626,7.672617505770825,60000,30000
19,ilaria.rizzo@example.com,45.017310298317504,7.667908751594916,60000,30000
23,alessia.fontana@example.com,45.06380673938803,7.646384271323751,30000,30000
9,andrea.colombo@example.com,45.08838066444583,7.707422603410155,60000,30000
6,giulia.bianchi@example.com,45.05415457801757,7.675690554865961,120000,30000
22,gabriele.barbieri@example.com,45.07443533670901,7.618061056504949,90000,30000
10,francesca.ricci@example.com,45.00298544055265,7.644620110848152,90000,30000
18,federico.mancini@example.com,45.06646864018959,7.675104757819916,120000,30000
14,elisa.gallo@example.com,45.04260381634216,7.644366097051757,60000,30000
13,davide.bruno@example.com,45.05218726406757,7.6532935747450335,120000,30000
8,chiara.romano@example.com,45.10493913602516,7.671703707051804,90000,30000
19,ilaria.rizzo@example.com,45.019121131005136,7.669473616983846,90000,30000
23,alessia.fontana@example.com,45.06489037211303,7.649674160517545,60000,30000
9,andrea.colombo@example.com,45.090096726575005,7.711556562011822,90000,30000
6,giulia.bianchi@example.com,45.054932379100975,7.6719947439745555,150000,30000
22,gabriele.barbieri@example.com,45.074606454650066,7.622309002301573,120000,30000
10,francesca.ricci@example.com,45.004633392262555,7.644121135627047,120000,30000
18,federico.mancini@example.com,45.06389816102824,7.673563472742125,150000,30000
14,elisa.gallo@example.com,45.04520596679951,7.64579970008341,90000,30000
13,davide.bruno@example.com,45.053275383798336,7.650232177208611,150000,30000
8,chiara.romano@example.com,45.105356728606914,7.665950173871785,120000,30000
19,ilaria.rizzo@example.com,45.02294363801483,7.67070949070587,120000,30000
9,andrea.colombo@example.com,45.09338635641793,7.7150477169567,120000,30000
23,alessia.fontana@example.com,45.06535165033057,7.653689081735445,90000,30000
6,giulia.bianchi@example.com,45.05701513600122,7.669054985178802,180000,30000
22,gabriele.barbieri@example.com,45.074781683940685,7.6265383348267335,150000,30000
10,francesca.ricci@example.com,45.00472127843378,7.647978985909111,150000,30000
18,federico.mancini@example.com,45.06123472525914,7.671668384504289,180000,30000
14,elisa.gallo@example.com,45.04706630187218,7.64689852618457,120000,30000
13,davide.bruno@example.com,45.05585565795924,7.648556148424679,180000,30000
8,chiara.romano@example.com,45.10677843615811,7.6628722011987,150000,30000
9,andrea.colombo@example.com,45.096415527306576,7.71904144544326,150000,30000
19,ilaria.rizzo@example.com,45.02703702736226,7.672029813952779,150000,30000
6,giulia.bianchi@example.com,45.05852096850286,7.665419081892557,210000,30000
23,alessia.fontana@example.com,45.0662542389861,7.657377805026085,120000,30000
18,federico.mancini@example.com,45.0585576332599,7.669744174753063,210000,30000
22,gabriele.barbieri@example.com,45.07495897324282,7.630776070070312,180000,30000
10,francesca.ricci@example.com,45.00665303681518,7.65047679645189,180000,30000
14,elisa.gallo@example.com,45.04980856196884,7.6486649735412655,150000,30000
13,davide.bruno@example.com,45.058124955927106,7.647086675033779,210000,30000
8,chiara.romano@example.com,45.10949442612221,7.661264078087744,180000,30000
9,andrea.colombo@example.com,45.09932237932838,7.723016396265108,180000,30000
19,ilaria.rizzo@example.com,45.03085898396636,7.674271931545751,180000,30000
6,giulia.bianchi@example.com,45.05995315476694,7.6616876788983515,240000,30000
23,alessia.fontana@example.com,45.06893935983749,7.659268099706781,150000,30000
18,federico.mancini@example.com,45.055879779184814,7.667842426965252,240000,30000
22,gabriele.barbieri@example.com,45.07513898274473,7.635012583716653,210000,30000
14,elisa.gallo@example.com,45.05211227925538,7.650761107979085,180000,30000
10,francesca.ricci@example.com,45.009476563787636,7.649922879762972,210000,30000
13,davide.bruno@example.com,45.060633498653885,7.645622259939918,240000,30000
9,andrea.colombo@example.com,45.101845713159115,7.725145720341718,210000,30000
19,ilaria.rizzo@example.com,45.034749901395706,7.676400765808303,210000,30000
8,chiara.romano@example.com,45.112332492139586,7.659828156397941,210000,30000
23,alessia.fontana@example.com,45.071633685649985,7.661155635796423,180000,30000
6,giulia.bianchi@example.com,45.06138955175676,7.657973383925052,270000,30000
18,federico.mancini@example.com,45.05342547133425,7.665435247424085,270000,30000
22,gabriele.barbieri@example.com,45.077542167493995,7.636801438426419,240000,30000
14,elisa.gallo@example.com,45.05468882417715,7.6496091847197265,210000,30000
10,francesca.ricci@example.com,45.011861963105325,7.649330647677486,240000,30000
13,davide.bruno@example.com,45.06318912594971,7.64524144291875,270000,30000
9,andrea.colombo@example.com,45.10466198693459,7.726608437046697,240000,30000
8,chiara.romano@example.com,45.11516589501473,7.6584730324261505,240000,30000
19,ilaria.rizzo@example.com,45.03736443959736,7.6763781176717245,240000,30000
23,alessia.fontana@example.com,45.07431708273774,7.663044032699689,210000,30000
6,giulia.bianchi@example.com,45.062838741768076,7.654273473553061,300000,30000
18,federico.mancini@example.com,45.051069525850416,7.662810214600684,300000,30000
22,gabriele.barbieri@example.com,45.08040451656811,7.638056505771824,270000,30000
14,elisa.gallo@example.com,45.056316133597946,7.653126323193895,240000,30000
9,andrea.colombo@example.com,45.107524517130656,7.727959688645034,270000,30000
13,davide.bruno@example.com,45.06618426456107,7.6451377495289154,300000,30000
10,francesca.ricci@example.com,45.01419399848895,7.648811538810242,270000,30000
8,chiara.romano@example.com,45.11799382809461,7.6570346745330395,270000,30000
6,giulia.bianchi@example.com,45.06428115736958,7.650545293005306,330000,30000
23,alessia.fontana@example.com,45.07636928332132,7.665518556685367,240000,30000
18,federico.mancini@example.com,45.04874357197078,7.660185121370412,330000,30000
19,ilaria.rizzo@example.com,45.040801753932456,7.676481486311824,270000,30000
9,andrea.colombo@example.com,45.11020009201183,7.729122861564189,300000,30000
22,gabriele.barbieri@example.com,45.083266367409976,7.639308340411127,300000,30000
10,francesca.ricci@example.com,45.01653656399299,7.648261117527374,300000,30000
14,elisa.gallo@example.com,45.05808547537186,7.655699308748357,270000,30000
13,davide.bruno@example.com,45.067699205480324,7.641677529563394,330000,30000
8,chiara.romano@example.com,45.1207950159249,7.655519029936408,300000,30000
18,federico.mancini@example.com,45.047201734836314,7.660886788472463,360000,30000
6,giulia.bianchi@example.com,45.06472044602927,7.6474337230215435,360000,30000
23,alessia.fontana@example.com,45.07743293845792,7.6694664284768255,270000,30000
19,ilaria.rizzo@example.com,45.04480146582037,7.677974837940562,300000,30000
22,gabriele.barbieri@example.com,45.08329462236191,7.643388544840744,330000,30000
8,chiara.romano@example.com,45.123584602857946,7.653983146072386,330000,30000
10,francesca.ricci@example.com,45.01935561034735,7.6490620060159005,330000,30000
14,elisa.gallo@example.com,45.06076093716385,7.656383061409904,300000,30000
9,andrea.colombo@example.com,45.112972674390804,7.730657513257194,330000,30000
18,federico.mancini@example.com,45.04528136299349,7.664149453486552,390000,30000
13,davide.bruno@example.com,45.06913258675449,7.637981796948139,360000,30000
6,giulia.bianchi@example.com,45.064523,7.645446,390000,30000
23,alessia.fontana@example.com,45.078965294723616,7.675838208683123,300000,30000
19,ilaria.rizzo@example.com,45.046732253476016,7.676747110754204,330000,30000
22,gabriele.barbieri@example.com,45.0831532067842,7.647606090096922,360000,30000
8,chiara.romano@example.com,45.125049604519226,7.650791786853164,360000,30000
10,francesca.ricci@example.com,45.022150595410835,7.650609158329573,360000,30000
14,elisa.gallo@example.com,45.06478500519201,7.655456711110765,330000,30000
9,andrea.colombo@example.com,45.11515629095462,7.733488118256211,360000,30000
18,federico.mancini@example.com,45.04275116436296,7.662949119243715,420000,30000
6,giulia.bianchi@example.com,45.064523,7.645446,420000,30000
23,alessia.fontana@example.com,45.081449881040704,7.677923126261152,330000,30000
13,davide.bruno@example.com,45.07057378550055,7.634278108528795,390000,30000
22,gabriele.barbieri@example.com,45.085068681687204,7.6500792550339485,390000,30000
19,ilaria.rizzo@example.com,45.04880596511588,7.676635906614285,360000,30000
8,chiara.romano@example.com,45.12625398963908,7.646951514831618,390000,30000
14,elisa.gallo@example.com,45.06885024192709,7.655158127847813,360000,30000
10,francesca.ricci@example.com,45.02490503298195,7.652253912881898,390000,30000
9,andrea.colombo@example.com,45.11405905811192,7.736100662250023,390000,30000
6,giulia.bianchi@example.com,45.064523,7.645446,450000,30000
18,federico.mancini@example.com,45.04058135426594,7.661420918554272,450000,30000
23,alessia.fontana@example.com,45.08412561949634,7.6798289544603895,360000,30000
22,gabriele.barbieri@example.com,45.0877818793406,7.651909739158201,420000,30000
19,ilaria.rizzo@example.com,45.05149943215845,7.678531561501528,390000,30000
13,davide.bruno@example.com,45.071988204546344,7.630563081498125,420000,30000
8,chiara.romano@example.com,45.12741612276777,7.64312697354944,420000,30000
6,giulia.bianchi@example.com,45.064523,7.645446,480000,30000
9,andrea.colombo@example.com,45.11265384636892,7.739041414602607,420000,30000
14,elisa.gallo@example.com,45.07277454871716,7.655799451661802,390000,30000
18,federico.mancini@example.com,45.03790614525969,7.659501541899708,480000,30000
10,francesca.ricci@example.com,45.02772078442349,7.653711791840874,420000,30000
23,alessia.fontana@example.com,45.08463067159864,7.68268972909191,390000,30000
22,gabriele.barbieri@example.com,45.09049009191435,7.653722126002101,450000,30000
19,ilaria.rizzo@example.com,45.05418045041777,7.680416312666751,420000,30000
13,davide.bruno@example.com,45.07343806801792,7.626844737716412,450000,30000
6,giulia.bianchi@example.com,45.064523,7.645446,510000,30000
9,andrea.colombo@example.com,45.11227418958021,7.74661069237501,450000,30000
8,chiara.romano@example.com,45.12868230983868,7.639312755442186,450000,30000
14,elisa.gallo@example.com,45.07574443746878,7.656353711132618,420000,30000
18,federico.mancini@example.com,45.03514801924557,7.657865288712741,510000,30000
10,francesca.ricci@example.com,45.03039001743707,7.654822076027065,450000,30000
22,gabriele.barbieri@example.com,45.09482582515897,7.65662162636556,480000,30000
23,alessia.fontana@example.com,45.08334998788366,7.686531808933232,420000,30000
13,davide.bruno@example.com,45.07474769571169,7.623455905338118,480000,30000
6,giulia.bianchi@example.com,45.064523,7.645446,540000,30000
19,ilaria.rizzo@example.com,45.05685286892188,7.682311144305288,450000,30000
9,andrea.colombo@example.com,45.1140868264688,7.753626162051191,480000,30000
8,chiara.romano@example.com,45.128881,7.638191,480000,30000
6,giulia.bianchi@example.com,45.064523,7.645446,570000,30000
18,federico.mancini@example.com,45.03237061361771,7.656308553053158,540000,30000
10,francesca.ricci@example.com,45.03197766028028,7.65239019840762,480000,30000
14,elisa.gallo@example.com,45.079322690474115,7.656199379251849,450000,30000
23,alessia.fontana@example.com,45.08207848903051,7.69037238957462,450000,30000
22,gabriele.barbieri@example.com,45.099226863749635,7.659585344111277,510000,30000
13,davide.bruno@example.com,45.07459158879993,7.619216337743589,510000,30000
19,ilaria.rizzo@example.com,45.058683748835456,7.682275312180147,480000,30000
6,giulia.bianchi@example.com,45.064523,7.645446,600000,30000
9,andrea.colombo@example.com,45.117915134415,7.7590114478988506,510000,30000
18,federico.mancini@example.com,45.02959968146668,7.654700394666973,570000,30000
8,chiara.romano@example.com,45.128881,7.638191,510000,30000
14,elisa.gallo@example.com,45.08287764851215,7.655752033955864,480000,30000
10,francesca.ricci@example.com,45.034350485952565,7.652730170679282,510000,30000
23,alessia.fontana@example.com,45.08204974122127,7.694536004635096,480000,30000
19,ilaria.rizzo@example.com,45.05989821283486,7.681595220788063,510000,30000
22,gabriele.barbieri@example.com,45.103643991148154,7.662489995063393,540000,30000
9,andrea.colombo@example.com,45.12178067310274,7.7643823569032575,540000,30000
13,davide.bruno@example.com,45.074416137033964,7.614984010819189,540000,30000
18,federico.mancini@example.com,45.026789560089696,7.653225971767883,600000,30000
8,chiara.romano@example.com,45.128881,7.638191,540000,30000
14,elisa.gallo@example.com,45.08601606964537,7.656361881010178,510000,30000
23,alessia.fontana@example.com,45.08398064704461,7.698935823171791,510000,30000
19,ilaria.rizzo@example.com,45.06114664111728,7.682848888705096,540000,30000
10,francesca.ricci@example.com,45.03566195281865,7.648932772180795,540000,30000
22,gabriele.barbieri@example.com,45.10498642211253,7.668198210411836,570000,30000
9,andrea.colombo@example.com,45.125651159812406,7.769724776367922,570000,30000
13,davide.bruno@example.com,45.07424728465753,7.61072670604601,570000,30000
14,elisa.gallo@example.com,45.08777761990521,7.656756551680877,540000,30000
23,alessia.fontana@example.com,45.08563168433132,7.702576444044812,540000,30000
8,chiara.romano@example.com,45.128881,7.638191,570000,30000
19,ilaria.rizzo@example.com,45.06112,7.682921,570000,30000
10,francesca.ricci@example.com,45.0375288181015,7.645610318663081,570000,30000
22,gabriele.barbieri@example.com,45.103823551284734,7.672827947022525,600000,30000
9,andrea.colombo@example.com,45.129478717905215,7.775102163047928,600000,30000
14,elisa.gallo@example.com,45.0895470021158,7.656411302581497,570000,30000
13,davide.bruno@example.com,45.07377931270947,7.610952265151588,600000,30000
8,chiara.romano@example.com,45.128881,7.638191,600000,30000
23,alessia.fontana@example.com,45.087845749762636,7.707469776597523,570000,30000
10,francesca.ricci@example.com,45.040095405420175,7.6468118207967475,600000,30000
19,ilaria.rizzo@example.com,45.06112,7.682921,600000,30000
14,elisa.gallo@example.com,45.091901747024785,7.654148174770543,600000,30000
23,alessia.fontana@example.com,45.09043409854732,7.711903675741351,600000,30000
